Student_ID,Name,Subject,Grade,Year
1,Sarah Smith,Geography,65,2020
2,James Brown,English,87,2022
3,Mary Smith,English,63,2020
4,Christopher Martin,Math,85,2020
5,Mia Wilson,History,78,2023
6,David Smith,Science,94,2022
7,Daniel Rodriguez,Science,63,2025
8,Daniel Brown,English,74,2019
9,Olivia Lopez,Geography,52,2024
10,Ethan Moore,English,74,2019
11,Mia Martinez,Art,86,2020
12,Alex Johnson,History,99,2021
13,Alex Davis,English,74,2021
14,Ethan Lopez,Science,73,2021
15,Michael Rodriguez,English,88,2024
16,Linda Moore,History,60,2022
17,Matthew Rodriguez,History,93,2021
18,Mary Davis,Math,70,2022
19,David Williams,History,86,2024
20,Daniel Miller,Physical Education,75,2024
21,Ethan Jones,Geography,58,2020
22,Mia Moore,Geography,97,2023
23,Ava Jackson,Music,73,2020
24,James Taylor,Physical Education,55,2025
25,Mary Brown,Science,90,2020
26,Ava Martin,English,74,2022
27,Amelia Anderson,Geography,85,2025
28,John Brown,Geography,99,2024
29,Daniel Brown,Geography,77,2020
30,Ethan Smith,Geography,82,2025
31,Linda Taylor,English,90,2021
32,Christopher Martin,History,59,2021
33,Linda Moore,Math,88,2021
34,Isabella Smith,English,73,2025
35,Sophia Davis,Math,65,2023
36,Alex Williams,Physical Education,54,2025
37,Mia Jones,Science,92,2022
38,Mia Garcia,Geography,83,2025
39,Amelia Wilson,History,84,2025
40,Michael Martinez,Music,92,2024
41,Olivia Anderson,Physical Education,57,2020
42,Emma Williams,Art,51,2023
43,Mia Davis,History,50,2019
44,Mary Davis,English,52,2025
45,Daniel Williams,History,67,2024
46,Isabella Miller,Science,96,2023
47,Andrew Thomas,History,100,2022
48,Ava Miller,English,56,2024
49,Ava Lopez,Music,76,2022
50,Mary Brown,Math,75,2024
51,Daniel Brown,History,62,2020
52,Mia Anderson,Science,77,2020
53,David Anderson,History,54,2022
54,Mia Brown,Math,91,2023
55,John Williams,History,60,2022
56,Isabella Thomas,History,75,2019
57,Linda Gonzalez,Math,74,2021
58,Ethan Martinez,Music,94,2024
59,Mia Thomas,Science,62,2021
60,Michael Johnson,Math,97,2021
61,Mary Johnson,Physical Education,82,2025
62,Christopher Garcia,Math,82,2019
63,Linda Williams,English,93,2025
64,Emma Gonzalez,English,86,2020
65,Andrew Martin,Math,89,2019
66,Ava Jackson,Art,66,2020
67,Daniel Davis,Geography,75,2020
68,Sophia Anderson,Art,98,2019
69,John Anderson,English,54,2023
70,Michael Taylor,Geography,58,2021
71,Alex Davis,Art,68,2020
72,Ethan Moore,Geography,89,2025
73,Christopher Smith,Geography,92,2019
74,James Rodriguez,English,56,2024
75,Mia Jones,Geography,68,2023
76,Michael Hernandez,History,93,2024
77,David Taylor,Physical Education,66,2025
78,Mary Williams,Music,67,2019
79,John Hernandez,Science,90,2021
80,Linda Anderson,Music,85,2019
81,Sarah Williams,Science,84,2019
82,Olivia Jackson,Science,77,2020
83,Mary Martinez,Art,100,2025
84,Mary Lopez,History,93,2020
85,Sarah Lopez,Music,89,2024
86,James Davis,Science,61,2022
87,John Garcia,Art,100,2022
88,Emma Rodriguez,Science,100,2024
89,Sarah Gonzalez,Math,80,2020
90,Michael Anderson,Art,69,2025
91,Emma Davis,Math,92,2020
92,Matthew Hernandez,Geography,54,2025
93,David Lopez,Music,93,2025
94,Mia Hernandez,Math,57,2021
95,Linda Jackson,Geography,52,2019
96,Amelia Wilson,Art,96,2025
97,Daniel Wilson,English,74,2023
98,Michael Rodriguez,Math,95,2022
99,John Taylor,History,73,2022
100,Alex Hernandez,Art,92,2025
101,Sarah Martinez,Geography,92,2022
102,Daniel Gonzalez,Geography,85,2020
103,Michael Wilson,Music,93,2024
104,Linda Martin,Geography,75,2023
105,John Martinez,Geography,63,2022
106,Andrew Martin,Art,79,2022
107,Ethan Miller,Physical Education,100,2025
108,Linda Williams,Geography,82,2024
109,Amelia Hernandez,English,98,2020
110,Sophia Davis,History,59,2019
111,Mary Davis,Physical Education,89,2025
112,Alex Anderson,Music,90,2023
113,Michael Gonzalez,Physical Education,75,2020
114,James Smith,English,99,2022
115,Emma Garcia,Physical Education,53,2023
116,Emma Brown,Physical Education,58,2025
117,Ethan Taylor,Art,98,2022
118,Amelia Taylor,Music,85,2022
119,Linda Thomas,Physical Education,66,2025
120,Emma Rodriguez,Physical Education,90,2020
121,David Anderson,English,95,2021
122,Emma Rodriguez,Art,70,2023
123,Alex Jones,Science,64,2022
124,James Miller,English,76,2022
125,Daniel Moore,Physical Education,76,2019
126,Michael Wilson,Music,99,2023
127,John Jackson,Music,80,2019
128,Olivia Martinez,Music,76,2023
129,Mia Martin,History,81,2020
130,David Wilson,Physical Education,51,2022
131,Daniel Gonzalez,Science,79,2020
132,Amelia Moore,Math,75,2023
133,Andrew Smith,English,91,2022
134,James Anderson,Science,53,2021
135,Matthew Hernandez,History,79,2021
136,Daniel Gonzalez,Geography,98,2025
137,Ava Rodriguez,English,80,2019
138,Mia Johnson,Art,64,2024
139,Alex Johnson,Math,65,2020
140,John Martin,Science,65,2020
141,Isabella Brown,History,79,2024
142,David Lopez,Science,88,2023
143,Sarah Garcia,Geography,56,2023
144,John Martinez,Music,75,2024
145,Michael Williams,History,56,2024
146,Sophia Martin,English,100,2023
147,Mary Lopez,Music,92,2021
148,Alex Taylor,Art,50,2025
149,Ava Thomas,English,77,2021
150,Ethan Jones,Music,61,2024
151,Christopher Rodriguez,Physical Education,79,2022
152,Andrew Rodriguez,Art,65,2025
153,Alex Rodriguez,Physical Education,65,2025
154,Ethan Jackson,Music,71,2019
155,Isabella Hernandez,Science,81,2020
156,Olivia Rodriguez,Art,67,2023
157,David Moore,Math,83,2020
158,Alex Davis,Music,81,2023
159,Emma Thomas,Physical Education,78,2025
160,John Williams,Geography,64,2022
161,Emma Martinez,Art,80,2023
162,Christopher Lopez,Music,97,2023
163,Daniel Lopez,Physical Education,67,2021
164,David Davis,English,96,2020
165,Daniel Brown,Science,62,2020
166,Isabella Rodriguez,Geography,56,2025
167,Michael Martinez,History,73,2020
168,Sophia Smith,Science,67,2019
169,Mary Moore,Geography,94,2020
170,Isabella Brown,Math,86,2021
171,Isabella Thomas,Physical Education,71,2020
172,Mary Rodriguez,Physical Education,57,2025
173,Alex Gonzalez,Physical Education,54,2023
174,Mary Jones,Science,86,2021
175,Alex Davis,English,85,2025
176,Ava Martin,History,99,2023
177,Matthew Anderson,Physical Education,69,2025
178,Andrew Wilson,Geography,86,2023
179,Mary Martin,English,98,2020
180,Michael Rodriguez,English,60,2020
181,Linda Moore,English,60,2019
182,Ava Anderson,Physical Education,68,2019
183,Emma Martinez,Geography,94,2025
184,Ethan Williams,History,66,2025
185,Andrew Miller,Music,57,2023
186,Emma Jones,Geography,59,2019
187,Mary Garcia,Geography,88,2024
188,Andrew Martinez,Physical Education,57,2022
189,Sophia Gonzalez,Geography,82,2023
190,Isabella Anderson,English,88,2019
191,Ava Hernandez,Geography,51,2019
192,Emma Jackson,Math,98,2024
193,David Jackson,Math,98,2025
194,Linda Thomas,Physical Education,67,2020
195,Andrew Wilson,Physical Education,55,2022
196,Olivia Wilson,Art,70,2024
197,Sarah Garcia,Art,76,2024
198,Isabella Martinez,Music,98,2023
199,Mary Anderson,English,70,2021
200,Daniel Brown,Music,82,2025
201,John Moore,Physical Education,76,2019
202,Michael Taylor,Art,89,2025
203,Isabella Anderson,Math,63,2021
204,Mia Jones,Geography,78,2024
205,Isabella Brown,Math,90,2023
206,Emma Garcia,Geography,85,2019
207,Mia Wilson,English,64,2025
208,Sarah Anderson,English,91,2025
209,James Thomas,Geography,82,2024
210,David Wilson,Physical Education,80,2020
211,Ethan Moore,Science,74,2020
212,Amelia Taylor,Science,54,2021
213,Ava Hernandez,Geography,50,2021
214,Sophia Jackson,Physical Education,59,2022
215,Mia Thomas,Art,71,2023
216,Mia Gonzalez,Physical Education,70,2025
217,Michael Davis,Music,64,2025
218,Ava Johnson,Art,97,2022
219,Matthew Gonzalez,Science,81,2019
220,James Taylor,Art,56,2025
221,Ethan Brown,Physical Education,50,2024
222,James Wilson,Science,54,2022
223,David Hernandez,Music,91,2019
224,Daniel Moore,Music,70,2024
225,Isabella Moore,Math,89,2019
226,Emma Martinez,History,97,2019
227,Ava Brown,English,78,2020
228,Sophia Smith,Math,70,2025
229,Mary Martinez,Art,73,2022
230,James Davis,Music,86,2024
231,Linda Garcia,Science,55,2023
232,Matthew Martin,History,81,2023
233,James Davis,Physical Education,90,2021
234,Ethan Rodriguez,Math,79,2021
235,Mia Garcia,English,78,2021
236,Andrew Martinez,Music,94,2021
237,Ethan Martinez,History,74,2025
238,Isabella Brown,History,74,2023
239,Olivia Jackson,Geography,94,2021
240,John Gonzalez,Geography,50,2023
241,Mary Martin,Physical Education,68,2025
242,Emma Martin,Art,64,2024
243,Michael Martin,Geography,93,2025
244,James Brown,Math,69,2025
245,Ethan Johnson,Art,96,2020
246,Alex Martinez,Art,97,2022
247,Linda Miller,Science,100,2023
248,Olivia Taylor,Geography,60,2021
249,Isabella Martinez,Art,57,2022
250,Alex Jones,History,93,2024
251,Matthew Moore,Art,55,2025
252,Matthew Smith,Geography,84,2019
253,Ethan Lopez,Geography,87,2022
254,Olivia Brown,History,80,2019
255,Amelia Moore,Art,89,2020
256,Alex Anderson,Geography,91,2022
257,Sarah Jones,Math,52,2021
258,Isabella Brown,English,65,2023
259,James Gonzalez,Physical Education,73,2024
260,Mia Wilson,Science,76,2024
261,Sarah Thomas,Music,67,2019
262,Olivia Miller,Physical Education,78,2020
263,Olivia Brown,Art,84,2024
264,Olivia Johnson,Music,67,2020
265,Sarah Anderson,English,92,2020
266,Amelia Smith,Math,100,2021
267,Emma Jones,History,54,2025
268,Mia Miller,History,64,2021
269,James Martin,Math,67,2025
270,James Jones,Geography,61,2019
271,John Jones,Math,72,2025
272,Emma Jackson,Art,51,2020
273,David Johnson,Science,97,2022
274,Christopher Brown,English,80,2022
275,Olivia Taylor,English,78,2023
276,Emma Martin,Math,96,2025
277,Christopher Martinez,Physical Education,91,2019
278,Mary Thomas,Music,77,2024
279,Sarah Thomas,Physical Education,54,2019
280,Daniel Martin,Science,54,2020
281,David Martin,Art,74,2023
282,Christopher Martinez,Physical Education,82,2023
283,Ava Brown,English,91,2024
284,Mia Miller,Music,78,2020
285,Ava Hernandez,Physical Education,75,2022
286,Sarah Hernandez,Music,70,2024
287,David Lopez,Science,93,2022
288,Alex Williams,English,55,2022
289,Sarah Lopez,Science,85,2019
290,Andrew Moore,Art,92,2019
291,Ava Lopez,Music,96,2019
292,Sophia Martin,Geography,72,2019
293,Andrew Taylor,History,59,2024
294,Isabella Davis,English,72,2025
295,Mia Lopez,English,98,2021
296,Andrew Davis,Music,85,2025
297,Amelia Martin,Math,88,2024
298,David Smith,Science,67,2024
299,Sophia Hernandez,Art,50,2020
300,James Jackson,Music,54,2020
301,John Williams,History,74,2022
302,Ethan Hernandez,Science,73,2021
303,Daniel Jackson,English,53,2020
304,Linda Martin,Math,93,2019
305,David Anderson,Music,81,2023
306,Ethan Wilson,Geography,63,2025
307,Christopher Brown,Art,77,2019
308,Sophia Jackson,Physical Education,83,2024
309,Sophia Johnson,History,75,2023
310,Mary Smith,History,69,2020
311,James Rodriguez,Geography,70,2019
312,John Thomas,Music,61,2020
313,Matthew Moore,History,82,2023
314,Olivia Williams,Music,97,2019
315,Ava Smith,Physical Education,54,2025
316,Daniel Jackson,Music,86,2022
317,Ava Martinez,English,75,2019
318,Daniel Garcia,Physical Education,94,2021
319,Alex Wilson,English,65,2022
320,Andrew Gonzalez,English,75,2025
321,Sophia Hernandez,History,71,2025
322,Linda Williams,English,83,2023
323,Michael Lopez,Art,96,2025
324,James Davis,English,59,2021
325,Michael Garcia,Science,98,2025
326,Alex Garcia,Physical Education,79,2025
327,Andrew Jackson,Physical Education,93,2023
328,Amelia Hernandez,Art,59,2022
329,Alex Thomas,Physical Education,90,2021
330,David Jackson,Math,72,2023
331,Alex Martinez,Physical Education,78,2019
332,Mary Lopez,Geography,54,2024
333,Alex Martin,Music,79,2023
334,Mia Johnson,Physical Education,86,2024
335,Michael Hernandez,Physical Education,82,2020
336,Mary Anderson,English,71,2024
337,Alex Taylor,Science,52,2020
338,Ethan Anderson,Science,73,2021
339,Sophia Gonzalez,Music,99,2021
340,Amelia Johnson,Art,54,2021
341,Sarah Moore,Music,68,2021
342,Amelia Jones,Art,55,2023
343,James Lopez,Geography,91,2024
344,Matthew Jones,English,69,2023
345,Matthew Hernandez,Science,92,2024
346,Christopher Williams,Music,82,2021
347,John Lopez,Geography,61,2020
348,Daniel Thomas,History,64,2020
349,James Williams,Geography,100,2019
350,Christopher Moore,Math,92,2021
351,Amelia Jones,Music,59,2020
352,Linda Martin,Science,96,2022
353,Mary Wilson,Art,93,2024
354,Emma Anderson,Geography,98,2024
355,Ethan Davis,History,69,2025
356,Isabella Miller,Art,93,2023
357,Ethan Anderson,Geography,99,2022
358,Christopher Taylor,Music,60,2025
359,Michael Martin,Science,66,2019
360,Isabella Lopez,English,95,2025
361,Christopher Brown,Geography,55,2025
362,Linda Rodriguez,Physical Education,82,2020
363,Ava Williams,History,78,2021
364,John Wilson,Math,75,2023
365,Olivia Davis,Music,55,2021
366,Emma Smith,Art,56,2025
367,Daniel Jones,Science,52,2021
368,Isabella Jones,Physical Education,78,2023
369,John Williams,Math,66,2020
370,James Moore,Music,57,2025
371,Sophia Davis,Geography,57,2019
372,Emma Wilson,Physical Education,54,2019
373,Isabella Martin,Math,90,2023
374,Andrew Davis,Science,68,2022
375,John Martin,Art,65,2023
376,Ava Garcia,English,83,2021
377,Alex Taylor,Math,74,2025
378,Isabella Johnson,Music,73,2021
379,John Lopez,English,72,2020
380,Sarah Jackson,Art,58,2019
381,Olivia Moore,Art,91,2020
382,Ethan Thomas,Science,58,2019
383,Ethan Johnson,Geography,62,2019
384,Michael Johnson,Art,69,2023
385,Matthew Moore,Physical Education,66,2019
386,Michael Martinez,Art,99,2019
387,Daniel Rodriguez,English,73,2022
388,Matthew Anderson,Music,71,2020
389,Isabella Thomas,Art,83,2021
390,Alex Wilson,English,77,2023
391,Linda Moore,Geography,70,2019
392,Alex Hernandez,Geography,69,2022
393,Amelia Wilson,Science,94,2022
394,Olivia Anderson,Math,96,2025
395,Olivia Martin,Music,67,2024
396,Mary Williams,Music,73,2023
397,Linda Smith,Science,88,2024
398,Ethan Johnson,Science,54,2020
399,Olivia Lopez,Music,86,2019
400,Amelia Jones,Physical Education,73,2021
401,Ethan Williams,Science,83,2021
402,Matthew Hernandez,Geography,65,2019
403,John Garcia,Physical Education,83,2022
404,Mia Brown,Geography,99,2021
405,Ethan Miller,Geography,94,2022
406,Michael Brown,Science,54,2022
407,Linda Anderson,English,93,2025
408,Daniel Lopez,English,85,2023
409,Sophia Martinez,Science,95,2024
410,Linda Lopez,History,57,2020
411,James Davis,Physical Education,51,2021
412,Mia Jackson,Art,79,2025
413,Mia Jones,English,54,2021
414,Matthew Thomas,Music,99,2022
415,Andrew Williams,Science,70,2024
416,Alex Anderson,Physical Education,93,2023
417,Olivia Jones,Science,99,2020
418,Ava Taylor,Math,57,2023
419,James Martinez,Science,60,2021
420,Emma Lopez,Geography,55,2021
421,Michael Moore,Geography,58,2024
422,Sophia Martin,English,82,2024
423,Linda Jackson,Science,60,2024
424,Amelia Martin,Art,86,2019
425,John Williams,Math,91,2025
426,Andrew Rodriguez,History,99,2023
427,Ava Martin,Math,81,2024
428,Mia Martinez,Geography,80,2020
429,Matthew Martinez,Physical Education,54,2024
430,Mary Garcia,Physical Education,76,2022
431,Ethan Miller,Art,88,2020
432,Daniel Hernandez,Art,75,2020
433,Olivia Taylor,English,70,2020
434,Ethan Brown,Geography,78,2020
435,James Brown,Math,68,2022
436,Amelia Wilson,History,60,2025
437,Daniel Jackson,Art,62,2025
438,Linda Thomas,Physical Education,81,2021
439,Isabella Smith,English,75,2023
440,Ethan Davis,History,87,2021
441,Mary Johnson,Geography,81,2023
442,Isabella Martinez,Math,56,2022
443,James Rodriguez,Art,98,2022
444,Olivia Johnson,Music,53,2023
445,Mia Miller,Art,85,2021
446,Alex Gonzalez,Physical Education,98,2023
447,David Martin,English,58,2019
448,Matthew Lopez,Art,85,2021
449,James Miller,Music,82,2019
450,Mary Johnson,Science,95,2021
451,Isabella Taylor,Physical Education,59,2023
452,Christopher Jones,Art,89,2021
453,Linda Gonzalez,Geography,87,2021
454,Christopher Taylor,Physical Education,95,2023
455,Sophia Thomas,Math,73,2021
456,Sarah Wilson,Geography,100,2024
457,John Martin,Physical Education,66,2024
458,Andrew Jackson,History,96,2019
459,Andrew Thomas,Science,83,2024
460,Amelia Gonzalez,Science,93,2020
461,Mary Jackson,English,62,2019
462,Ethan Hernandez,Music,59,2022
463,Michael Wilson,Physical Education,97,2024
464,Mary Jones,History,85,2021
465,Isabella Taylor,Music,70,2020
466,Ethan Moore,Art,84,2021
467,David Martin,Physical Education,62,2020
468,David Moore,Geography,64,2021
469,Sophia Miller,Physical Education,70,2022
470,Olivia Moore,Geography,68,2019
471,Andrew Moore,Music,75,2025
472,Olivia Jones,Geography,52,2021
473,Alex Lopez,Physical Education,91,2021
474,Isabella Miller,History,84,2021
475,Mia Rodriguez,Science,56,2023
476,Andrew Davis,History,53,2024
477,Christopher Davis,History,53,2019
478,Ava Hernandez,Physical Education,56,2024
479,James Smith,Science,76,2024
480,Isabella Thomas,History,98,2021
481,Daniel Martinez,Math,99,2019
482,Andrew Davis,Math,61,2022
483,Linda Johnson,Music,100,2022
484,Linda Martinez,Math,50,2021
485,Andrew Martin,English,71,2021
486,Ethan Moore,Physical Education,58,2025
487,Christopher Anderson,Geography,62,2025
488,Sarah Hernandez,Science,96,2022
489,David Garcia,Math,97,2021
490,Sophia Jackson,History,61,2023
491,Matthew Wilson,Art,55,2022
492,Sarah Garcia,Science,80,2021
493,Emma Smith,Geography,74,2020
494,Ethan Rodriguez,Art,69,2023
495,Andrew Smith,Geography,91,2021
496,Emma Johnson,English,79,2021
497,Linda Gonzalez,Geography,94,2019
498,Sophia Lopez,History,64,2020
499,Isabella Jones,Physical Education,97,2023
500,Olivia Wilson,Physical Education,98,2023
501,Michael Davis,English,83,2022
502,Christopher Lopez,English,86,2019
503,Mary Moore,History,86,2023
504,James Garcia,Art,83,2022
505,Sarah Miller,Physical Education,55,2023
506,Ethan Johnson,Physical Education,58,2023
507,Ava Anderson,Math,85,2022
508,Sophia Smith,Music,66,2025
509,John Miller,English,52,2022
510,Olivia Williams,Math,54,2022
511,Mary Martinez,Music,61,2025
512,James Wilson,Art,74,2022
513,Matthew Gonzalez,English,93,2024
514,Mia Jones,Art,57,2020
515,Mia Gonzalez,Science,96,2020
516,John Smith,Geography,79,2024
517,Mia Wilson,Music,64,2020
518,Ethan Lopez,Science,67,2020
519,Sarah Johnson,Music,89,2025
520,John Davis,History,54,2019
521,Amelia Johnson,Physical Education,88,2024
522,Mary Davis,Math,75,2022
523,Emma Moore,History,98,2025
524,Mary Jones,Geography,64,2025
525,Andrew Hernandez,Art,65,2021
526,James Taylor,History,76,2021
527,David Johnson,Science,90,2024
528,Ava Moore,Physical Education,53,2021
529,Matthew Taylor,Art,94,2022
530,Ava Jones,Geography,74,2020
531,Mia Thomas,History,64,2021
532,James Anderson,Math,85,2022
533,Ava Moore,Science,74,2020
534,David Miller,Art,91,2019
535,Ethan Lopez,English,84,2024
536,Michael Johnson,Geography,74,2024
537,Amelia Martin,Math,54,2020
538,Andrew Moore,History,80,2020
539,Daniel Martinez,Math,63,2020
540,Sarah Thomas,History,94,2023
541,Michael Gonzalez,History,85,2021
542,Sophia Gonzalez,Physical Education,84,2024
543,Olivia Martinez,Geography,73,2023
544,Isabella Anderson,English,96,2022
545,Daniel Miller,Art,70,2022
546,Mary Jackson,History,97,2020
547,John Rodriguez,Music,68,2020
548,Michael Hernandez,History,74,2023
549,Emma Thomas,Art,66,2025
550,Isabella Thomas,Physical Education,60,2024
551,Olivia Garcia,Science,96,2023
552,Isabella Garcia,Math,83,2019
553,Alex Johnson,Math,76,2020
554,Emma Williams,Science,50,2020
555,Christopher Anderson,Art,53,2023
556,Amelia Thomas,Physical Education,51,2019
557,Mia Moore,Music,50,2019
558,Christopher Rodriguez,Geography,51,2023
559,Ava Garcia,English,56,2023
560,James Davis,History,89,2023
561,David Lopez,Geography,100,2022
562,Alex Lopez,Music,79,2023
563,Emma Davis,Geography,93,2025
564,Alex Johnson,English,75,2022
565,Matthew Moore,Physical Education,53,2024
566,John Garcia,English,81,2025
567,Ava Hernandez,English,83,2019
568,Emma Miller,Physical Education,67,2019
569,Alex Rodriguez,Math,61,2025
570,Daniel Smith,History,87,2020
571,Matthew Williams,Geography,60,2023
572,Emma Jackson,Music,93,2023
573,Daniel Gonzalez,Science,100,2024
574,Alex Taylor,Art,53,2019
575,Ava Davis,English,71,2023
576,Amelia Martin,Music,99,2021
577,John Rodriguez,Physical Education,81,2020
578,Olivia Moore,Music,77,2020
579,Andrew Gonzalez,English,99,2023
580,Sophia Davis,English,55,2021
581,James Gonzalez,Science,97,2022
582,Daniel Lopez,English,55,2019
583,Sophia Anderson,Art,98,2021
584,Sarah Jones,English,61,2022
585,Ethan Moore,Music,56,2019
586,Alex Lopez,English,88,2023
587,Daniel Gonzalez,Math,68,2022
588,Matthew Williams,History,86,2023
589,Linda Gonzalez,Science,58,2021
590,Sophia Rodriguez,Physical Education,59,2019
591,Linda Wilson,Geography,76,2021
592,Isabella Williams,Art,66,2020
593,Isabella Martin,History,79,2019
594,James Martinez,Math,75,2021
595,Amelia Gonzalez,Art,78,2021
596,Ava Martin,Science,69,2021
597,Amelia Miller,Physical Education,70,2020
598,Matthew Hernandez,Geography,97,2024
599,Isabella Jackson,History,70,2022
600,David Gonzalez,Art,57,2023
601,Michael Jackson,Science,93,2025
602,Mia Smith,Physical Education,95,2020
603,Ethan Martinez,English,100,2025
604,Ava Thomas,Science,90,2021
605,Emma Rodriguez,Science,95,2022
606,Matthew Williams,Physical Education,88,2022
607,Andrew Gonzalez,Music,84,2019
608,Olivia Moore,English,56,2025
609,Emma Lopez,Science,91,2023
610,Mary Jackson,Music,98,2021
611,Ava Brown,Math,56,2021
612,Emma Taylor,History,78,2021
613,Matthew Anderson,Science,72,2019
614,Isabella Brown,Geography,76,2019
615,Sarah Jones,Art,69,2021
616,Ethan Miller,Physical Education,72,2022
617,Sarah Anderson,Physical Education,70,2019
618,Sophia Johnson,English,51,2025
619,Daniel Brown,Science,97,2020
620,Christopher Garcia,Science,71,2023
621,Ava Anderson,History,75,2024
622,Linda Garcia,Music,75,2019
623,Amelia Miller,Physical Education,87,2022
624,Matthew Smith,History,63,2021
625,Alex Jackson,English,84,2020
626,Olivia Hernandez,History,79,2019
627,David Thomas,Art,88,2022
628,Amelia Gonzalez,English,72,2021
629,Ethan Martin,Science,93,2024
630,Sophia Martin,English,93,2020
631,Daniel Brown,History,69,2019
632,Linda Lopez,Science,82,2022
633,Ava Martin,Science,86,2022
634,Ava Garcia,Physical Education,90,2023
635,Linda Moore,Science,81,2021
636,James Garcia,Art,78,2023
637,Mary Lopez,Math,81,2020
638,Michael Gonzalez,Physical Education,76,2024
639,Isabella Wilson,Physical Education,81,2020
640,Alex Jackson,Math,100,2025
641,Emma Martinez,Math,67,2020
642,Mia Martinez,Science,99,2022
643,Andrew Thomas,English,86,2019
644,David Moore,Art,84,2025
645,Mary Anderson,History,77,2019
646,Emma Martinez,Math,78,2021
647,Olivia Williams,Physical Education,57,2025
648,Emma Miller,Art,95,2023
649,Ava Garcia,Science,100,2020
650,Michael Johnson,Art,84,2021
651,Amelia Moore,Science,70,2024
652,Sophia Martinez,Geography,82,2024
653,Sarah Jones,Music,53,2021
654,James Jones,History,59,2024
655,Daniel Davis,Music,81,2020
656,Andrew Rodriguez,Music,74,2022
657,Alex Williams,Music,82,2024
658,David Lopez,Physical Education,81,2021
659,Andrew Smith,English,96,2022
660,Olivia Williams,Music,63,2022
661,Michael Thomas,Geography,70,2025
662,Sophia Hernandez,Science,86,2025
663,Isabella Hernandez,Math,52,2019
664,Ethan Smith,English,60,2022
665,Ethan Smith,Music,62,2024
666,James Martinez,Science,67,2019
667,Olivia Rodriguez,English,73,2024
668,Linda Johnson,Music,90,2021
669,Emma Wilson,English,95,2019
670,John Miller,Physical Education,54,2020
671,Andrew Davis,Physical Education,50,2019
672,Daniel Brown,Music,94,2020
673,Isabella Williams,History,74,2019
674,Sarah Brown,Art,73,2021
675,James Gonzalez,Science,91,2024
676,James Williams,Math,89,2024
677,Linda Anderson,Art,96,2020
678,James Wilson,Physical Education,63,2019
679,Sarah Jones,English,87,2024
680,Matthew Lopez,Music,70,2025
681,James Davis,Geography,91,2019
682,Emma Moore,Geography,99,2024
683,John Martinez,History,83,2023
684,Christopher Miller,Music,68,2024
685,Mary Davis,Physical Education,74,2019
686,Emma Thomas,English,83,2019
687,Olivia Hernandez,Science,74,2025
688,Andrew Wilson,Art,84,2024
689,Linda Thomas,English,51,2023
690,Alex Smith,Geography,63,2019
691,Mary Gonzalez,Geography,90,2024
692,Christopher Wilson,Music,94,2022
693,Alex Moore,Science,67,2019
694,Sophia Williams,History,59,2023
695,Daniel Gonzalez,English,69,2024
696,Ava Davis,Math,65,2019
697,Ava Brown,Physical Education,89,2023
698,Mary Martinez,Science,57,2019
699,James Smith,Science,81,2021
700,Christopher Taylor,Geography,60,2021
701,James Rodriguez,English,99,2019
702,Daniel Wilson,Geography,83,2019
703,David Jackson,English,81,2022
704,Christopher Lopez,Math,81,2025
705,Andrew Garcia,Art,60,2021
706,Sarah Jackson,English,64,2024
707,Christopher Smith,Math,50,2020
708,Mary Thomas,Art,74,2020
709,Linda Johnson,Music,64,2021
710,Emma Wilson,Art,67,2025
711,Alex Jackson,Art,57,2023
712,Mary Garcia,History,83,2019
713,Matthew Williams,Physical Education,68,2025
714,Sophia Hernandez,English,85,2022
715,John Lopez,History,68,2023
716,Sophia Martin,History,79,2021
717,Andrew Thomas,History,96,2023
718,Emma Jones,Math,76,2019
719,Emma Moore,Art,90,2025
720,John Hernandez,Math,98,2024
721,Matthew Martinez,English,63,2023
722,Emma Wilson,Physical Education,53,2020
723,David Williams,Math,64,2025
724,Christopher Wilson,Art,79,2024
725,Alex Jackson,English,82,2020
726,Matthew Williams,Math,77,2024
727,James Davis,Geography,66,2025
728,Daniel Gonzalez,Art,70,2022
729,David Davis,English,62,2020
730,Andrew Brown,Science,56,2020
731,Ethan Anderson,Art,76,2019
732,Mia Lopez,History,78,2021
733,Ethan Rodriguez,English,55,2020
734,Sophia Martin,Math,63,2025
735,Daniel Jones,English,95,2020
736,Olivia Gonzalez,Math,93,2021
737,David Garcia,Math,75,2025
738,Ethan Moore,History,56,2022
739,Sarah Jones,English,50,2019
740,Emma Jones,History,75,2021
741,Alex Jackson,Geography,54,2019
742,Alex Miller,Physical Education,58,2019
743,Daniel Brown,Math,79,2019
744,Linda Jackson,Music,96,2022
745,Isabella Smith,Music,93,2022
746,Linda Lopez,History,61,2021
747,David Anderson,Science,52,2023
748,Amelia Martin,History,91,2021
749,Isabella Wilson,Physical Education,53,2019
750,David Gonzalez,Science,76,2020
751,Christopher Davis,Math,74,2025
752,Olivia Thomas,Physical Education,72,2023
753,Christopher Hernandez,Music,67,2020
754,John Hernandez,History,51,2025
755,David Johnson,Physical Education,83,2021
756,Andrew Davis,Science,56,2020
757,Emma Rodriguez,Math,98,2020
758,Andrew Gonzalez,Art,61,2020
759,Emma Jackson,Art,97,2024
760,Olivia Jackson,Math,95,2024
761,Olivia Jackson,Science,86,2020
762,Isabella Moore,Geography,61,2022
763,Mary Williams,Math,64,2023
764,Emma Smith,Physical Education,50,2021
765,Amelia Miller,Science,71,2024
766,Linda Hernandez,Math,51,2020
767,Andrew Jones,English,83,2025
768,Olivia Williams,Art,95,2024
769,Matthew Jackson,English,71,2021
770,Daniel Jones,Science,96,2022
771,Isabella Hernandez,Science,95,2023
772,Amelia Lopez,History,92,2023
773,Linda Gonzalez,Geography,96,2024
774,Sophia Jones,Science,96,2019
775,Andrew Gonzalez,Math,61,2023
776,Daniel Martin,History,90,2023
777,Sarah Thomas,Science,71,2024
778,Alex Davis,Art,70,2020
779,Alex Hernandez,Physical Education,50,2021
780,Michael Davis,English,72,2021
781,Sarah Smith,Math,74,2022
782,Ava Garcia,Music,81,2022
783,Olivia Moore,Music,56,2025
784,Isabella Jackson,History,60,2022
785,Alex Johnson,Geography,51,2021
786,David Brown,English,71,2020
787,Matthew Garcia,English,85,2019
788,Daniel Martin,Physical Education,95,2019
789,Ava Garcia,Music,60,2019
790,Sarah Hernandez,History,62,2022
791,Mia Moore,Geography,92,2021
792,Sophia Davis,English,53,2022
793,Andrew Moore,Physical Education,59,2019
794,Olivia Smith,Music,55,2021
795,Amelia Thomas,History,56,2019
796,Michael Garcia,Geography,55,2022
797,Sarah Martinez,Music,80,2022
798,David Williams,Music,61,2021
799,Matthew Lopez,Science,78,2019
800,David Anderson,Physical Education,66,2020
801,David Jackson,Math,59,2025
802,Sarah Williams,Art,84,2022
803,Andrew Davis,Math,74,2025
804,Christopher Wilson,Physical Education,86,2020
805,Isabella Martinez,English,75,2025
806,Mary Taylor,Science,57,2025
807,Ethan Garcia,Science,63,2025
808,Michael Jones,Math,77,2019
809,Ava Miller,Science,88,2021
810,Daniel Williams,English,74,2023
811,Matthew Moore,Art,67,2023
812,Ethan Smith,Music,57,2022
813,James Jones,English,56,2023
814,Sarah Martinez,Art,76,2021
815,Matthew Thomas,Physical Education,52,2020
816,David Gonzalez,Science,89,2023
817,Matthew Johnson,Music,71,2024
818,Emma Johnson,Physical Education,67,2021
819,John Hernandez,Geography,69,2021
820,Isabella Brown,History,58,2021
821,Ethan Hernandez,Geography,96,2022
822,Amelia Williams,History,78,2020
823,Ava Thomas,Art,53,2023
824,Linda Williams,Geography,95,2023
825,Matthew Jones,Math,61,2020
826,Michael Johnson,History,52,2022
827,Mary Lopez,History,67,2021
828,Ethan Taylor,Music,90,2019
829,John Davis,Art,81,2023
830,Ethan Garcia,Physical Education,87,2023
831,Olivia Lopez,Science,66,2024
832,Alex Martinez,Math,74,2019
833,Linda Jackson,History,64,2024
834,Emma Miller,Geography,91,2022
835,Christopher Smith,Math,80,2020
836,Linda Martin,Math,64,2021
837,Amelia Martinez,Geography,77,2022
838,Olivia Anderson,Geography,63,2022
839,Sophia Taylor,Music,87,2019
840,John Taylor,Art,85,2024
841,Amelia Martin,Geography,69,2024
842,Sarah Thomas,English,71,2021
843,Daniel Rodriguez,Geography,91,2024
844,Sophia Miller,Science,83,2025
845,Emma Johnson,Music,92,2021
846,James Smith,Physical Education,68,2021
847,Ava Gonzalez,Music,97,2019
848,Andrew Jackson,History,71,2024
849,Emma Moore,Physical Education,92,2021
850,Christopher Martinez,Science,92,2023
851,Linda Martinez,English,80,2020
852,David Moore,Science,93,2021
853,Alex Davis,Art,64,2024
854,Sophia Wilson,Art,73,2021
855,Andrew Martinez,Physical Education,57,2022
856,Mary Jackson,English,80,2020
857,Christopher Brown,Music,83,2021
858,Ava Johnson,Science,58,2020
859,Daniel Wilson,Physical Education,59,2021
860,Linda Williams,Physical Education,71,2024
861,Linda Hernandez,Math,50,2022
862,David Miller,Science,86,2025
863,Linda Thomas,English,58,2023
864,Ava Wilson,Music,77,2022
865,Matthew Smith,Math,84,2020
866,Olivia Smith,Art,98,2025
867,Christopher Miller,Math,93,2019
868,Emma Davis,Art,69,2020
869,Sarah Gonzalez,Geography,60,2019
870,Mary Martinez,Geography,79,2024
871,Christopher Martin,Art,77,2024
872,James Hernandez,Physical Education,72,2025
873,Michael Garcia,Music,51,2020
874,Emma Jones,History,96,2019
875,Andrew Taylor,Science,57,2021
876,Mary Gonzalez,Geography,99,2023
877,Amelia Johnson,Math,92,2019
878,John Johnson,English,76,2022
879,Matthew Brown,Geography,80,2024
880,James Miller,Math,69,2022
881,Sarah Taylor,Geography,89,2023
882,James Wilson,English,82,2024
883,Amelia Brown,Geography,57,2025
884,Sarah Thomas,History,88,2020
885,David Taylor,History,72,2024
886,Ava Martinez,Science,52,2023
887,Isabella Miller,Physical Education,71,2020
888,John Smith,English,57,2025
889,Andrew Thomas,Science,55,2025
890,Christopher Williams,English,66,2024
891,Emma Anderson,Geography,66,2022
892,Mary Brown,Science,52,2025
893,Sophia Lopez,Art,77,2024
894,Sarah Brown,Math,50,2025
895,James Garcia,Art,72,2022
896,Amelia Rodriguez,English,73,2025
897,Daniel Garcia,English,75,2022
898,Ethan Rodriguez,Music,94,2025
899,Isabella Wilson,Science,57,2020
900,Mary Garcia,English,76,2023
901,Isabella Jackson,Physical Education,61,2023
902,Matthew Lopez,Math,93,2025
903,James Thomas,Physical Education,57,2022
904,Ethan Johnson,English,66,2024
905,Daniel Smith,History,92,2025
906,Daniel Taylor,English,77,2024
907,Emma Thomas,Art,92,2024
908,Matthew Jones,Math,50,2024
909,Linda Taylor,Physical Education,81,2025
910,Linda Williams,Physical Education,70,2020
911,Daniel Rodriguez,Math,82,2020
912,Mia Gonzalez,Music,65,2019
913,Ethan Anderson,Physical Education,55,2025
914,Isabella Anderson,Art,57,2022
915,John Brown,Music,76,2019
916,Mia Moore,Math,55,2025
917,Amelia Martin,Geography,82,2023
918,Michael Anderson,Art,73,2025
919,Mary Davis,Physical Education,71,2023
920,Amelia Martin,Physical Education,95,2024
921,Olivia Anderson,English,56,2025
922,Emma Smith,Art,72,2025
923,Sophia Moore,Art,94,2019
924,Mary Garcia,Physical Education,58,2025
925,Ava Brown,Geography,89,2020
926,Michael Brown,Music,63,2022
927,Michael Hernandez,English,98,2022
928,Mary Jackson,English,99,2022
929,Ethan Jackson,Science,81,2019
930,Christopher Johnson,Music,87,2022
931,Christopher Garcia,Science,96,2025
932,James Brown,Music,92,2023
933,Amelia Hernandez,Music,76,2023
934,Emma Rodriguez,Music,71,2021
935,Ethan Jones,Science,76,2023
936,Christopher Martinez,Art,95,2024
937,Mia Miller,History,63,2023
938,Sophia Lopez,Science,95,2024
939,Linda Taylor,Art,95,2019
940,Olivia Moore,Physical Education,87,2023
941,Ava Moore,Geography,77,2025
942,John Taylor,English,51,2022
943,James Johnson,Math,62,2021
944,Linda Martinez,Geography,59,2025
945,Mary Martinez,History,98,2023
946,Mary Lopez,Physical Education,56,2023
947,Mia Davis,Music,65,2023
948,Sophia Johnson,Music,74,2022
949,Daniel Moore,Math,50,2024
950,David Miller,Physical Education,64,2024
951,Olivia Jackson,History,99,2024
952,Michael Martinez,Physical Education,61,2024
953,Alex Garcia,Science,97,2023
954,Sarah Gonzalez,Math,77,2021
955,Mia Rodriguez,Science,60,2023
956,David Smith,Art,79,2024
957,James Johnson,Science,70,2023
958,Mary Martin,Geography,81,2025
959,Andrew Moore,Art,54,2025
960,Daniel Taylor,History,61,2023
961,Alex Taylor,Science,76,2023
962,Mia Gonzalez,English,72,2020
963,Michael Hernandez,Art,73,2021
964,Michael Martin,Physical Education,85,2025
965,John Brown,Art,78,2020
966,Amelia Martin,History,52,2024
967,Daniel Gonzalez,English,74,2021
968,Mia Martinez,Math,83,2025
969,Olivia Taylor,Physical Education,81,2019
970,Sophia Miller,Art,82,2019
971,Sarah Garcia,Math,90,2019
972,Michael Miller,Music,56,2020
973,Mia Wilson,English,97,2024
974,James Smith,Physical Education,95,2021
975,Mary Williams,English,53,2020
976,David Moore,English,86,2025
977,Emma Rodriguez,Music,74,2022
978,Matthew Wilson,Art,51,2022
979,Sarah Moore,Math,91,2024
980,Amelia Williams,Math,94,2025
981,Alex Lopez,English,68,2025
982,Sophia Martin,English,68,2025
983,Ethan Gonzalez,Music,92,2019
984,Isabella Garcia,History,58,2024
985,Matthew Moore,Geography,90,2020
986,Sophia Lopez,Math,85,2025
987,Mia Jones,English,52,2019
988,Andrew Martin,Music,84,2023
989,Alex Martinez,History,97,2024
990,Olivia Miller,Music,91,2025
991,Christopher Jones,Science,61,2020
992,Amelia Rodriguez,History,57,2020
993,Andrew Johnson,Physical Education,91,2023
994,Alex Martinez,English,66,2019
995,Michael Jackson,Physical Education,71,2021
996,James Davis,English,68,2023
997,Alex Miller,Art,81,2022
998,Daniel Martin,Geography,94,2023
999,James Jackson,Art,70,2022
1000,Linda Smith,Art,65,2025
